<?xml version="1.0" encoding="UTF-8" standalone="yes"?>
<module lastChangedTime="1627305038556" moduleType="AGI" createTime="1626437922695" id="75c2a36b-348b-4b8b-8b7f-1b126852711a" name="MissedGroupCallNotification (bis SF 6.7)" specVersion="5" vendor="CASOON" version="23">
    <description></description>
    <descriptionURL></descriptionURL>
    <disabled>false</disabled>
    <inputVars>
        <variable id="2e97d762-8a47-4a4c-a281-4de693233095" name="GUI_EMAIL" type="STRING" valueByReference="false" valueByReferenceAllowed="false" valueByValueAllowed="true" visible="true">
            <accessRights>Read</accessRights>
            <value></value>
        </variable>
        <variable id="e9de89a4-57ae-4324-a11b-9e4e14a9304d" name="GUI_STARFACE_GROUP" type="STARFACE_GROUP" valueByReference="false" valueByReferenceAllowed="false" valueByValueAllowed="true" visible="true">
            <accessRights>Read</accessRights>
            <value></value>
        </variable>
        <variable id="8d559da7-f98d-4d31-99a9-b43d41488e99" name="GUI_DELAY" type="NUMBER" valueByReference="false" valueByReferenceAllowed="false" valueByValueAllowed="true" visible="true">
            <accessRights>Read</accessRights>
            <value>120</value>
        </variable>
        <variable id="6bd3e017-3f8c-4764-839b-1ab242ffc289" name="GUI_SUBJECT" type="STRING" valueByReference="false" valueByReferenceAllowed="false" valueByValueAllowed="true" visible="true">
            <accessRights>Read</accessRights>
            <value>[Starface] Entgangener Anruf</value>
        </variable>
    </inputVars>
    <outputVars/>
    <resources/>
    <children>
        <function visibility="Private" createTime="1627040268536" id="3f93a460-9b9d-4e04-b582-7ff7bb0aa3fe" name="ProcessIncomingCall" specVersion="0" vendor="" version="0">
            <description></description>
            <descriptionURL></descriptionURL>
            <disabled>false</disabled>
            <inputVars/>
            <outputVars/>
            <resources/>
            <children>
                <typedVarDef type="NUMBER" variableName="cdraccountid" createTime="1627290173340" id="6951ba9c-f4e7-4d04-9fa8-af1c79ddd22e" name="variable definition" specVersion="0" vendor="" version="0">
                    <description>Creates a typed variable</description>
                    <descriptionURL></descriptionURL>
                    <disabled>false</disabled>
                    <inputVars/>
                    <outputVars/>
                    <resources/>
                    <defaultValue></defaultValue>
                </typedVarDef>
                <typedVarDef type="STRING" variableName="callerNumber" createTime="1627040287563" id="70562335-be68-4ae4-81da-dedc2f19f2c9" name="variable definition" specVersion="0" vendor="" version="0">
                    <description>Creates a typed variable</description>
                    <descriptionURL></descriptionURL>
                    <disabled>false</disabled>
                    <inputVars/>
                    <outputVars/>
                    <resources/>
                    <defaultValue></defaultValue>
                </typedVarDef>
                <typedVarDef type="DATE_TIME" variableName="startTime" createTime="1627055777471" id="e89ee8dd-44ff-4514-8245-66c25b3c4b33" name="variable definition" specVersion="0" vendor="" version="0">
                    <description>Creates a typed variable</description>
                    <descriptionURL></descriptionURL>
                    <disabled>false</disabled>
                    <inputVars/>
                    <outputVars/>
                    <resources/>
                    <defaultValue></defaultValue>
                </typedVarDef>
                <functionCall createTime="1627055829861" id="039e8897-e759-4b67-b51a-b85205f6b72e" name="Call --&gt; CurrentDateTime" specVersion="0" vendor="" version="0">
                    <description>Returns the current date/time as timestamp in milliseconds (counting from January 1st, 1970)</description>
                    <descriptionURL></descriptionURL>
                    <disabled>false</disabled>
                    <inputVars/>
                    <outputVars>
                        <variable id="dateTime" label="Timestamp" name="dateTime" type="DATE_TIME" valueByReference="false" valueByReferenceAllowed="true" valueByValueAllowed="false" visible="false">
                            <description></description>
                            <value>e89ee8dd-44ff-4514-8245-66c25b3c4b33</value>
                        </variable>
                    </outputVars>
                    <resources/>
                    <target targetDomainId="starface.date" targetId="CurrentDateTime" targetName="CurrentDateTime" targetVersion="0"/>
                </functionCall>
                <functionCall createTime="1627287987041" id="a6c6ea57-1696-4ca0-aadd-debf82f417b1" name="Call --&gt; ResolveGroupData" specVersion="0" vendor="" version="0">
                    <description>Returns the most important properties for a STARFACE group. Note that results may be empty if this goup doesn't exist anymore or if no corresponding property is set for this group. </description>
                    <descriptionURL></descriptionURL>
                    <disabled>false</disabled>
                    <inputVars>
                        <variable id="accountId" label="Group" name="accountId" type="STARFACE_GROUP" valueByReference="true" valueByReferenceAllowed="true" valueByValueAllowed="false" visible="false">
                            <description>The STARFACE account of the group</description>
                            <value>e9de89a4-57ae-4324-a11b-9e4e14a9304d</value>
                        </variable>
                    </inputVars>
                    <outputVars>
                        <variable id="description" label="Description" name="description" type="STRING" valueByReference="false" valueByReferenceAllowed="true" valueByValueAllowed="false" visible="false">
                            <description>The description of the STARFACE group</description>
                            <value></value>
                        </variable>
                        <variable id="size" label="Size" name="size" type="NUMBER" valueByReference="false" valueByReferenceAllowed="true" valueByValueAllowed="false" visible="false">
                            <description>The number of members of this STARFACE group</description>
                            <value></value>
                        </variable>
                        <variable id="primaryCallNumber" label="Phone number" name="primaryCallNumber" type="STRING" valueByReference="false" valueByReferenceAllowed="true" valueByValueAllowed="false" visible="false">
                            <description>Primary phone number of this group</description>
                            <value></value>
                        </variable>
                        <variable id="loginId" label="Login ID" name="loginId" type="STRING" valueByReference="false" valueByReferenceAllowed="true" valueByValueAllowed="false" visible="false">
                            <description>The Login ID of the group</description>
                            <value></value>
                        </variable>
                    </outputVars>
                    <resources/>
                    <target targetDomainId="starface.entities" targetId="ResolveGroupData" targetName="ResolveGroupData" targetVersion="0"/>
                </functionCall>
                <functionCall createTime="1627288596249" id="f5ec5045-2ba3-4f66-91d6-ab72cf3d2809" name="Call --&gt; ResolveAccount" specVersion="0" vendor="" version="0">
                    <description>Returns the account ID of a STARFACE user with the specified login ID</description>
                    <descriptionURL></descriptionURL>
                    <disabled>false</disabled>
                    <inputVars>
                        <variable id="loginId" label="Login ID" name="loginId" type="STRING" valueByReference="true" valueByReferenceAllowed="true" valueByValueAllowed="true" visible="false">
                            <description></description>
                            <value>_loginId</value>
                        </variable>
                    </inputVars>
                    <outputVars>
                        <variable id="accountId" label="Account ID" name="accountId" type="STARFACE_ACCOUNT" valueByReference="false" valueByReferenceAllowed="true" valueByValueAllowed="false" visible="false">
                            <description>The ID of the STARFACE user account</description>
                            <value>6951ba9c-f4e7-4d04-9fa8-af1c79ddd22e</value>
                        </variable>
                    </outputVars>
                    <resources/>
                    <target targetDomainId="starface.entities" targetId="ResolveAccount" targetName="ResolveAccount" targetVersion="0"/>
                </functionCall>
                <functionCall createTime="1627055712695" id="2ae3e299-1a11-43d4-b0ea-fae0ded4b6ea" name="Call --&gt; GetCaller" specVersion="0" vendor="" version="0">
                    <description>Gets information about the caller (account/name/number)</description>
                    <descriptionURL></descriptionURL>
                    <disabled>false</disabled>
                    <inputVars/>
                    <outputVars>
                        <variable id="account" label="Calling account" name="account" type="STARFACE_ACCOUNT" valueByReference="false" valueByReferenceAllowed="true" valueByValueAllowed="false" visible="false">
                            <description>The account that calls.</description>
                            <value></value>
                        </variable>
                        <variable id="callerName" label="Caller name" name="callerName" type="STRING" valueByReference="false" valueByReferenceAllowed="true" valueByValueAllowed="false" visible="false">
                            <description>Name of the caller. Empty string is returned if the name cannot be determined.</description>
                            <value></value>
                        </variable>
                        <variable id="callerExtNumber" label="Caller external number" name="callerExtNumber" type="STRING" valueByReference="false" valueByReferenceAllowed="true" valueByValueAllowed="false" visible="false">
                            <description>The external number of the caller. If not available 0 is returned.</description>
                            <value>70562335-be68-4ae4-81da-dedc2f19f2c9</value>
                        </variable>
                        <variable id="callerSignallingNumber" label="Caller signalling number" name="callerSignallingNumber" type="STRING" valueByReference="false" valueByReferenceAllowed="true" valueByValueAllowed="false" visible="false">
                            <description>The signalling number of the caller. For anonymous calls empty string is returned</description>
                            <value></value>
                        </variable>
                        <variable id="callerIFMCNumber" label="Caller iFMC number" name="callerIFMCNumber" type="STRING" valueByReference="false" valueByReferenceAllowed="true" valueByValueAllowed="false" visible="false">
                            <description>The iFMC number for outgoing calls of the caller. For anonymous calls empty string is returned</description>
                            <value></value>
                        </variable>
                        <variable id="callerIntNumber" label="Caller internal number" name="callerIntNumber" type="STRING" valueByReference="false" valueByReferenceAllowed="true" valueByValueAllowed="false" visible="false">
                            <description>The STARFACE internal number for the caller. If not available 0 is returned.</description>
                            <value></value>
                        </variable>
                        <variable id="countryCode" label="Country code " name="countryCode" type="STRING" valueByReference="false" valueByReferenceAllowed="true" valueByValueAllowed="false" visible="false">
                            <description>Short country code like de,us,fr</description>
                            <value></value>
                        </variable>
                        <variable id="isAnonymous" label="Anonymous caller" name="isAnonymous" type="BOOLEAN" valueByReference="false" valueByReferenceAllowed="true" valueByValueAllowed="false" visible="false">
                            <description>True if the caller does not submit his phone number.</description>
                            <value></value>
                        </variable>
                    </outputVars>
                    <resources/>
                    <target targetDomainId="starface.callHandling.call" targetId="GetCaller2" targetName="GetCaller" targetVersion="0"/>
                </functionCall>
                <functionCall createTime="1627301316383" id="1dca43e2-9dd5-4d3b-beb6-e2e012479f53" name="Call --&gt; GetCallee" specVersion="0" vendor="" version="0">
                    <description>Gets information about the callee (account/number)</description>
                    <descriptionURL></descriptionURL>
                    <disabled>false</disabled>
                    <inputVars/>
                    <outputVars>
                        <variable id="account" label="Called account" name="account" type="STARFACE_ACCOUNT" valueByReference="false" valueByReferenceAllowed="true" valueByValueAllowed="false" visible="false">
                            <description>The account that was called</description>
                            <value></value>
                        </variable>
                        <variable id="calledNumber" label="Called number" name="calledNumber" type="STRING" valueByReference="false" valueByReferenceAllowed="true" valueByValueAllowed="false" visible="false">
                            <description>The phone number that was called</description>
                            <value></value>
                        </variable>
                    </outputVars>
                    <resources/>
                    <target targetDomainId="starface.callHandling.call" targetId="GetCallee" targetName="GetCallee" targetVersion="0"/>
                </functionCall>
                <if2 createTime="1627304799668" id="20e3e19d-de02-4e17-b59e-b67d32a869c6" name="if" specVersion="0" vendor="" version="0">
                    <description>An if-statement causes the function to execute a subordinate section of code only if the specified condition is met</description>
                    <descriptionURL></descriptionURL>
                    <disabled>false</disabled>
                    <inputVars>
                        <expressedVariable name="condition" type="BOOLEAN" valueByReference="true" valueByReferenceAllowed="true" valueByValueAllowed="true" visible="false">
                            <value></value>
                            <equalExpression>
<variables name="cdraccountid" type="OBJECT" valueByReference="true" valueByReferenceAllowed="true" valueByValueAllowed="true" visible="true">
    <value>6951ba9c-f4e7-4d04-9fa8-af1c79ddd22e</value>
</variables>
<variables name="_account" type="OBJECT" valueByReference="true" valueByReferenceAllowed="true" valueByValueAllowed="true" visible="true">
    <value>_account</value>
</variables>
                            </equalExpression>
                        </expressedVariable>
                    </inputVars>
                    <outputVars/>
                    <resources/>
                    <children>
                        <typedVarDef type="NUMBER" variableName="delay" createTime="1627287360399" id="3337346c-a8c2-4a6a-b3bf-5fee84f60efe" name="variable definition" specVersion="0" vendor="" version="0">
                            <description>Creates a typed variable</description>
                            <descriptionURL></descriptionURL>
                            <disabled>false</disabled>
                            <inputVars/>
                            <outputVars/>
                            <resources/>
                            <defaultValue></defaultValue>
                        </typedVarDef>
                        <functionCall createTime="1627287381592" id="25d43174-919f-423a-bf7c-dbdfa67b997e" name="Call --&gt; Math-2" specVersion="0" vendor="" version="0">
                            <description>Math operation with two arguments</description>
                            <descriptionURL></descriptionURL>
                            <disabled>false</disabled>
                            <inputVars>
<variable id="operand" label="Operator" name="operand" type="STRING" valueByReference="false" valueByReferenceAllowed="false" valueByValueAllowed="true" visible="false">
    <description>The binary operator to use</description>
    <value>Multiply</value>
</variable>
<variable id="a" label="Operand 1" name="a" type="NUMBER" valueByReference="true" valueByReferenceAllowed="true" valueByValueAllowed="true" visible="false">
    <description>The first operand</description>
    <value>8d559da7-f98d-4d31-99a9-b43d41488e99</value>
</variable>
<variable id="b" label="Operand 2" name="b" type="NUMBER" valueByReference="false" valueByReferenceAllowed="true" valueByValueAllowed="true" visible="false">
    <description>The second operand</description>
    <value>1000.0</value>
</variable>
                            </inputVars>
                            <outputVars>
<variable id="result" label="Result" name="result" type="NUMBER" valueByReference="false" valueByReferenceAllowed="true" valueByValueAllowed="false" visible="false">
    <description>The result of the operation</description>
    <value>3337346c-a8c2-4a6a-b3bf-5fee84f60efe</value>
</variable>
                            </outputVars>
                            <resources/>
                            <target targetDomainId="starface.math" targetId="BinaryMathOperations" targetName="Math-2" targetVersion="0"/>
                        </functionCall>
                        <delayedForkedFunctionCall createTime="1627290743916" id="a879509c-26b3-46db-8cdd-c78022ddc7b8" name="Call --&gt; CheckCall" specVersion="0" vendor="" version="0">
                            <description></description>
                            <descriptionURL></descriptionURL>
                            <disabled>false</disabled>
                            <inputVars>
<variable id="fb4fc4be-de42-49fd-be1d-c957a290c18b" name="callerNumber" type="STRING" valueByReference="true" valueByReferenceAllowed="true" valueByValueAllowed="true" visible="false">
    <description></description>
    <value>70562335-be68-4ae4-81da-dedc2f19f2c9</value>
</variable>
<variable id="bf65231f-1689-4bc7-8875-eda8002f6843" name="starttime" type="DATE_TIME" valueByReference="true" valueByReferenceAllowed="true" valueByValueAllowed="false" visible="false">
    <description></description>
    <value>e89ee8dd-44ff-4514-8245-66c25b3c4b33</value>
</variable>
<variable id="f20b9629-9364-4192-81d3-82bbb097bca9" name="recipient" type="STRING" valueByReference="true" valueByReferenceAllowed="true" valueByValueAllowed="true" visible="false">
    <description></description>
    <value>2e97d762-8a47-4a4c-a281-4de693233095</value>
</variable>
<variable id="980fe6fc-fa69-4cfe-b9a0-90e6568857e2" name="subject" type="STRING" valueByReference="true" valueByReferenceAllowed="true" valueByValueAllowed="true" visible="false">
    <description></description>
    <value>6bd3e017-3f8c-4764-839b-1ab242ffc289</value>
</variable>
                            </inputVars>
                            <outputVars/>
                            <resources/>
                            <target targetDomainId="75c2a36b-348b-4b8b-8b7f-1b126852711a" targetId="7cb14038-dd8b-4a65-b8f5-32fb2572e218" targetName="SendMessage" targetVersion="0"/>
                            <delayVariable id="86574ca4-630b-468f-a6ba-9af8693bb91c" name="Delay" type="NUMBER" valueByReference="true" valueByReferenceAllowed="true" valueByValueAllowed="true" visible="true">
<description>Delay in milliseconds</description>
<value>3337346c-a8c2-4a6a-b3bf-5fee84f60efe</value>
                            </delayVariable>
                        </delayedForkedFunctionCall>
                    </children>
                </if2>
            </children>
        </function>
        <function visibility="Private" createTime="1627039440449" id="7cb14038-dd8b-4a65-b8f5-32fb2572e218" name="SendMessage" specVersion="0" vendor="" version="0">
            <description></description>
            <descriptionURL></descriptionURL>
            <disabled>false</disabled>
            <inputVars>
                <variable id="fb4fc4be-de42-49fd-be1d-c957a290c18b" name="callerNumber" type="STRING" valueByReference="false" valueByReferenceAllowed="true" valueByValueAllowed="true" visible="true">
                    <description></description>
                    <value></value>
                </variable>
                <variable id="bf65231f-1689-4bc7-8875-eda8002f6843" name="starttime" type="DATE_TIME" valueByReference="true" valueByReferenceAllowed="true" valueByValueAllowed="false" visible="true">
                    <description></description>
                    <value></value>
                </variable>
                <variable id="f20b9629-9364-4192-81d3-82bbb097bca9" name="recipient" type="STRING" valueByReference="false" valueByReferenceAllowed="true" valueByValueAllowed="true" visible="true">
                    <description></description>
                    <value></value>
                </variable>
                <variable id="980fe6fc-fa69-4cfe-b9a0-90e6568857e2" name="subject" type="STRING" valueByReference="false" valueByReferenceAllowed="true" valueByValueAllowed="true" visible="true">
                    <description></description>
                    <value></value>
                </variable>
            </inputVars>
            <outputVars/>
            <resources/>
            <children>
                <typedVarDef type="STRING" variableName="message" createTime="1627034194682" id="12b3e513-cd86-45ea-be80-57fd57e949d6" name="variable definition" specVersion="0" vendor="" version="0">
                    <description>Creates a typed variable</description>
                    <descriptionURL></descriptionURL>
                    <disabled>false</disabled>
                    <inputVars/>
                    <outputVars/>
                    <resources/>
                    <defaultValue></defaultValue>
                </typedVarDef>
                <functionCall createTime="1627033630461" id="11dab101-1d97-4cae-8d1a-326825f1f3d4" name="Call --&gt; GetConnection" specVersion="0" vendor="" version="0">
                    <description>Creates a new connection to an external database</description>
                    <descriptionURL></descriptionURL>
                    <disabled>false</disabled>
                    <inputVars>
                        <variable id="dbType" label="Type" name="dbType" type="STRING" valueByReference="false" valueByReferenceAllowed="false" valueByValueAllowed="true" visible="false">
                            <description>Type of database to be connected</description>
                            <value>PostgreSQL</value>
                        </variable>
                        <variable id="host" label="Host" name="host" type="STRING" valueByReference="false" valueByReferenceAllowed="true" valueByValueAllowed="true" visible="false">
                            <description>URL of the database server</description>
                            <value>localhost</value>
                        </variable>
                        <variable id="dbName" label="Database" name="dbName" type="STRING" valueByReference="false" valueByReferenceAllowed="true" valueByValueAllowed="true" visible="false">
                            <description>Name of the database</description>
                            <value>asterisk</value>
                        </variable>
                        <variable id="userName" label="Username" name="userName" type="STRING" valueByReference="false" valueByReferenceAllowed="true" valueByValueAllowed="true" visible="false">
                            <description>Username for authentification at the database server</description>
                            <value>asterisk</value>
                        </variable>
                        <variable id="password" label="Password" name="password" type="STRING" valueByReference="false" valueByReferenceAllowed="true" valueByValueAllowed="true" visible="false">
                            <description>Password for authentification at the database server</description>
                            <value>asterisk</value>
                        </variable>
                        <variable id="optionString" label="Options" name="optionString" type="STRING" valueByReference="false" valueByReferenceAllowed="true" valueByValueAllowed="true" visible="false">
                            <description>Optional parameters passed to the database server at connection start</description>
                            <value></value>
                        </variable>
                    </inputVars>
                    <outputVars>
                        <variable id="dbConnection" label="Connection" name="dbConnection" type="DB_CONNECTION" valueByReference="false" valueByReferenceAllowed="true" valueByValueAllowed="false" visible="false">
                            <description>The returned connection on success</description>
                            <value></value>
                        </variable>
                    </outputVars>
                    <resources/>
                    <target targetDomainId="starface.db" targetId="GetConnection" targetName="GetConnection" targetVersion="0"/>
                </functionCall>
                <typedVarDef type="STRING" variableName="formatDateTime" createTime="1627300863956" id="2740a0f3-3819-4898-b44b-b17e3274cb22" name="variable definition" specVersion="0" vendor="" version="0">
                    <description>Creates a typed variable</description>
                    <descriptionURL></descriptionURL>
                    <disabled>false</disabled>
                    <inputVars/>
                    <outputVars/>
                    <resources/>
                    <defaultValue></defaultValue>
                </typedVarDef>
                <functionCall createTime="1627300896089" id="ac11b114-f3ef-4dc6-952e-2563bb40daa8" name="Call --&gt; FormatDateTime" specVersion="0" vendor="" version="0">
                    <description>Formats a date/time object to text in a specified language and time zone</description>
                    <descriptionURL></descriptionURL>
                    <disabled>false</disabled>
                    <inputVars>
                        <variable id="dateTime" label="Date/time" name="dateTime" type="DATE_TIME" valueByReference="true" valueByReferenceAllowed="true" valueByValueAllowed="false" visible="false">
                            <description>The date object to be formatted</description>
                            <value>bf65231f-1689-4bc7-8875-eda8002f6843</value>
                        </variable>
                        <variable id="timezone" label="Timezone" name="timezone" type="STRING" valueByReference="false" valueByReferenceAllowed="true" valueByValueAllowed="true" visible="false">
                            <description></description>
                            <value>Europe/Berlin</value>
                        </variable>
                        <variable id="locale" label="Language" name="locale" type="STRING" valueByReference="false" valueByReferenceAllowed="true" valueByValueAllowed="true" visible="false">
                            <description></description>
                            <value>de</value>
                        </variable>
                        <variable id="dateFormat" label="Date format" name="dateFormat" type="STRING" valueByReference="false" valueByReferenceAllowed="true" valueByValueAllowed="true" visible="false">
                            <description>Format options: Long (e.g January 1, 2009), Medium (Jan 1, 2009), Short (1/26/09), None (for no date output)</description>
                            <value>Long</value>
                        </variable>
                        <variable id="timeFormat" label="Time format" name="timeFormat" type="STRING" valueByReference="false" valueByReferenceAllowed="true" valueByValueAllowed="true" visible="false">
                            <description>Format options: Long (e.g 12:00:00 AM CET), Medium (12:00:00 AM), Short (12:00 AM), None (for no time output)</description>
                            <value>Medium</value>
                        </variable>
                    </inputVars>
                    <outputVars>
                        <variable id="formattedDateTime" label="Formatted Date" name="formattedDateTime" type="STRING" valueByReference="false" valueByReferenceAllowed="true" valueByValueAllowed="false" visible="false">
                            <description>The resulting text string</description>
                            <value>2740a0f3-3819-4898-b44b-b17e3274cb22</value>
                        </variable>
                    </outputVars>
                    <resources/>
                    <target targetDomainId="starface.date" targetId="FormatDateTime" targetName="FormatDateTime" targetVersion="0"/>
                </functionCall>
                <typedVarDef type="STRING" variableName="statement" createTime="1627033687339" id="5c841e07-8736-4fc8-aca9-6ee388ef8033" name="variable definition" specVersion="0" vendor="" version="0">
                    <description>Creates a typed variable</description>
                    <descriptionURL></descriptionURL>
                    <disabled>false</disabled>
                    <inputVars/>
                    <outputVars/>
                    <resources/>
                    <defaultValue></defaultValue>
                </typedVarDef>
                <typedVarDef type="DATE_TIME" variableName="before" createTime="1627056061492" id="33788028-b42e-4adf-b65a-23d24688e273" name="variable definition" specVersion="0" vendor="" version="0">
                    <description>Creates a typed variable</description>
                    <descriptionURL></descriptionURL>
                    <disabled>false</disabled>
                    <inputVars/>
                    <outputVars/>
                    <resources/>
                    <defaultValue></defaultValue>
                </typedVarDef>
                <typedVarDef type="DATE_TIME" variableName="after" createTime="1627056061492" id="4adcc815-649e-4ead-8eab-fc5180d425bf" name="variable definition" specVersion="0" vendor="" version="0">
                    <description>Creates a typed variable</description>
                    <descriptionURL></descriptionURL>
                    <disabled>false</disabled>
                    <inputVars/>
                    <outputVars/>
                    <resources/>
                    <defaultValue></defaultValue>
                </typedVarDef>
                <functionCall createTime="1627056254247" id="2ad7a87b-1d2f-4a73-b21a-1dcadf419595" name="Call --&gt; SubtractFromDateTime" specVersion="0" vendor="" version="0">
                    <description>Decreases a date/time object by a specific number of a time unit</description>
                    <descriptionURL></descriptionURL>
                    <disabled>false</disabled>
                    <inputVars>
                        <variable id="dateTime" label="Date/time" name="dateTime" type="DATE_TIME" valueByReference="true" valueByReferenceAllowed="true" valueByValueAllowed="false" visible="false">
                            <description>Time basis from which the unit will be subtracted</description>
                            <value>bf65231f-1689-4bc7-8875-eda8002f6843</value>
                        </variable>
                        <variable id="amount" label="Amount" name="amount" type="NUMBER" valueByReference="false" valueByReferenceAllowed="true" valueByValueAllowed="true" visible="false">
                            <description>This positive number sets how many times the unit will get subtracted.</description>
                            <value>2</value>
                        </variable>
                        <variable id="unit" label="Unit" name="unit" type="STRING" valueByReference="false" valueByReferenceAllowed="true" valueByValueAllowed="true" visible="false">
                            <description></description>
                            <value>Second</value>
                        </variable>
                    </inputVars>
                    <outputVars>
                        <variable id="resultDateTime" label="Result" name="resultDateTime" type="DATE_TIME" valueByReference="false" valueByReferenceAllowed="true" valueByValueAllowed="false" visible="false">
                            <description>The decreased date object</description>
                            <value>33788028-b42e-4adf-b65a-23d24688e273</value>
                        </variable>
                    </outputVars>
                    <resources/>
                    <target targetDomainId="starface.date" targetId="SubtractFromDateTime" targetName="SubtractFromDateTime" targetVersion="0"/>
                </functionCall>
                <functionCall createTime="1627056208782" id="dd7fca81-d024-4f89-85ea-72d225479585" name="Call --&gt; AddToDateTime" specVersion="0" vendor="" version="0">
                    <description>Adds a number of a specified time unit to a date or time object</description>
                    <descriptionURL></descriptionURL>
                    <disabled>false</disabled>
                    <inputVars>
                        <variable id="dateTime" label="Date/time" name="dateTime" type="DATE_TIME" valueByReference="true" valueByReferenceAllowed="true" valueByValueAllowed="false" visible="false">
                            <description>Time basis to which the unit will be added</description>
                            <value>bf65231f-1689-4bc7-8875-eda8002f6843</value>
                        </variable>
                        <variable id="amount" label="Amount" name="amount" type="NUMBER" valueByReference="false" valueByReferenceAllowed="true" valueByValueAllowed="true" visible="false">
                            <description>This positive number sets how many times the unit will be added.</description>
                            <value>2</value>
                        </variable>
                        <variable id="unit" label="Unit" name="unit" type="STRING" valueByReference="false" valueByReferenceAllowed="false" valueByValueAllowed="true" visible="false">
                            <description></description>
                            <value>Second</value>
                        </variable>
                    </inputVars>
                    <outputVars>
                        <variable id="resultDateTime" label="Result" name="resultDateTime" type="DATE_TIME" valueByReference="false" valueByReferenceAllowed="true" valueByValueAllowed="false" visible="false">
                            <description>The increased date object</description>
                            <value>4adcc815-649e-4ead-8eab-fc5180d425bf</value>
                        </variable>
                    </outputVars>
                    <resources/>
                    <target targetDomainId="starface.date" targetId="AddToDateTime" targetName="AddToDateTime" targetVersion="0"/>
                </functionCall>
                <functionCall createTime="1627033766890" id="84c76c34-0530-4e42-a1b8-16859c07c3f2" name="Call --&gt; Append" specVersion="0" vendor="" version="0">
                    <description>Appends text fragments and returns the combined string</description>
                    <descriptionURL></descriptionURL>
                    <disabled>false</disabled>
                    <inputVars>
                        <multipleValueVariable id="strings" label="Fragment" name="strings" type="STRING" valueByReference="false" valueByReferenceAllowed="true" valueByValueAllowed="true" visible="false">
                            <description>Text fragment to append</description>
                            <value></value>
                            <values>
<item>
    <value>SELECT callleguuid, callernumber, callername, callresult  FROM cdrsummary</value>
    <byReference>false</byReference>
</item>
<item>
    <value> where callernumber = '</value>
    <byReference>false</byReference>
</item>
<item>
    <value>fb4fc4be-de42-49fd-be1d-c957a290c18b</value>
    <byReference>true</byReference>
</item>
<item>
    <value>'</value>
    <byReference>false</byReference>
</item>
<item>
    <value> and starttime &gt;</value>
    <byReference>false</byReference>
</item>
<item>
    <value>33788028-b42e-4adf-b65a-23d24688e273</value>
    <byReference>true</byReference>
</item>
<item>
    <value> and starttime &lt;</value>
    <byReference>false</byReference>
</item>
<item>
    <value>4adcc815-649e-4ead-8eab-fc5180d425bf</value>
    <byReference>true</byReference>
</item>
<item>
    <value> and callresult = 'NOT_CONNECTED'</value>
    <byReference>false</byReference>
</item>
<item>
    <value> limit 1</value>
    <byReference>false</byReference>
</item>
                            </values>
                        </multipleValueVariable>
                    </inputVars>
                    <outputVars>
                        <variable id="result" label="Result" name="result" type="STRING" valueByReference="false" valueByReferenceAllowed="true" valueByValueAllowed="false" visible="false">
                            <description>Appended strings</description>
                            <value>5c841e07-8736-4fc8-aca9-6ee388ef8033</value>
                        </variable>
                    </outputVars>
                    <resources/>
                    <target targetDomainId="starface.string" targetId="Append2" targetName="Append" targetVersion="0"/>
                </functionCall>
                <functionCall createTime="1627034004420" id="b56e6fe1-c095-47b4-b7a1-f44e970cbddb" name="Call --&gt; SelectStatement" specVersion="0" vendor="" version="0">
                    <description>Executes a SELECT statement and returns a result set</description>
                    <descriptionURL></descriptionURL>
                    <disabled>false</disabled>
                    <inputVars>
                        <variable id="dbConnection" label="" name="dbConnection" type="DB_CONNECTION" valueByReference="true" valueByReferenceAllowed="true" valueByValueAllowed="false" visible="false">
                            <description>Database connection to be used. If omitted, then internal database will be used</description>
                            <value>_dbConnection</value>
                        </variable>
                        <variable id="statement" label="SQL statement" name="statement" type="STRING" valueByReference="true" valueByReferenceAllowed="true" valueByValueAllowed="true" visible="false">
                            <description>The SELECT statement</description>
                            <guiHints>TextArea</guiHints>
                            <value>5c841e07-8736-4fc8-aca9-6ee388ef8033</value>
                        </variable>
                    </inputVars>
                    <outputVars>
                        <variable id="result" label="Result" name="result" type="LIST" valueByReference="false" valueByReferenceAllowed="true" valueByValueAllowed="false" visible="false">
                            <description>Result set is a list with lists, where sublists stand for single rows</description>
                            <value></value>
                        </variable>
                        <variable id="errorOccured" label="" name="errorOccured" type="BOOLEAN" valueByReference="false" valueByReferenceAllowed="true" valueByValueAllowed="false" visible="false">
                            <description>Will be 'true' if an error occured while executing the SQL statement</description>
                            <value></value>
                        </variable>
                    </outputVars>
                    <resources/>
                    <target targetDomainId="starface.db" targetId="SelectStatement" targetName="SelectStatement" targetVersion="0"/>
                </functionCall>
                <functionCall createTime="1627039727856" id="b201500f-1391-40be-a3f9-5bf6e4024d36" name="Call --&gt; Size" specVersion="0" vendor="" version="0">
                    <description>Returns the number of elements in a list</description>
                    <descriptionURL></descriptionURL>
                    <disabled>false</disabled>
                    <inputVars>
                        <variable id="list" label="List" name="list" type="LIST" valueByReference="true" valueByReferenceAllowed="true" valueByValueAllowed="false" visible="false">
                            <description>List to get size of</description>
                            <value>_result</value>
                        </variable>
                    </inputVars>
                    <outputVars>
                        <variable id="size" label="Size" name="size" type="NUMBER" valueByReference="false" valueByReferenceAllowed="true" valueByValueAllowed="false" visible="false">
                            <description>Number of elements in this list</description>
                            <value></value>
                        </variable>
                    </outputVars>
                    <resources/>
                    <target targetDomainId="starface.collection.list" targetId="Size" targetName="Size" targetVersion="0"/>
                </functionCall>
                <if2 createTime="1627039744435" id="f4886a6c-75d9-451d-98b7-6babb8198130" name="if" specVersion="0" vendor="" version="0">
                    <description>An if-statement causes the function to execute a subordinate section of code only if the specified condition is met</description>
                    <descriptionURL></descriptionURL>
                    <disabled>false</disabled>
                    <inputVars>
                        <expressedVariable name="condition" type="BOOLEAN" valueByReference="true" valueByReferenceAllowed="true" valueByValueAllowed="true" visible="false">
                            <value></value>
                            <equalExpression>
<variables name="_size" type="OBJECT" valueByReference="true" valueByReferenceAllowed="true" valueByValueAllowed="true" visible="true">
    <value>_size</value>
</variables>
<variables name="second" type="OBJECT" valueByReference="false" valueByReferenceAllowed="true" valueByValueAllowed="true" visible="true">
    <value>1</value>
</variables>
                            </equalExpression>
                        </expressedVariable>
                    </inputVars>
                    <outputVars/>
                    <resources/>
                    <children>
                        <typedVarDef type="LIST" variableName="row" createTime="1627039831616" id="a3df6bf1-352d-4380-bf44-d8f6f9dec37e" name="variable definition" specVersion="0" vendor="" version="0">
                            <description>Creates a typed variable</description>
                            <descriptionURL></descriptionURL>
                            <disabled>false</disabled>
                            <inputVars/>
                            <outputVars/>
                            <resources/>
                            <defaultValue></defaultValue>
                        </typedVarDef>
                        <functionCall createTime="1627039813040" id="38074b8f-cbd7-4f8c-976b-a6d330c82050" name="Call --&gt; Get" specVersion="0" vendor="" version="0">
                            <description>Gets the element at the specified index of a list</description>
                            <descriptionURL></descriptionURL>
                            <disabled>false</disabled>
                            <inputVars>
<variable id="list" label="List" name="list" type="LIST" valueByReference="true" valueByReferenceAllowed="true" valueByValueAllowed="false" visible="false">
    <description>List to get element from</description>
    <value>_result</value>
</variable>
<variable id="index" label="Index" name="index" type="NUMBER" valueByReference="false" valueByReferenceAllowed="true" valueByValueAllowed="true" visible="false">
    <description>Index of the element to get from the list</description>
    <value>0</value>
</variable>
                            </inputVars>
                            <outputVars>
<variable id="var" label="Element" name="var" type="OBJECT" valueByReference="false" valueByReferenceAllowed="true" valueByValueAllowed="false" visible="false">
    <description>Element at specified index</description>
    <value>a3df6bf1-352d-4380-bf44-d8f6f9dec37e</value>
</variable>
                            </outputVars>
                            <resources/>
                            <target targetDomainId="starface.collection.list" targetId="Get" targetName="Get" targetVersion="0"/>
                        </functionCall>
                        <typedVarDef type="STRING" variableName="caller" createTime="1627039996022" id="7209ecd2-7439-4281-8a87-9a9f05b55305" name="variable definition" specVersion="0" vendor="" version="0">
                            <description>Creates a typed variable</description>
                            <descriptionURL></descriptionURL>
                            <disabled>false</disabled>
                            <inputVars/>
                            <outputVars/>
                            <resources/>
                            <defaultValue></defaultValue>
                        </typedVarDef>
                        <functionCall createTime="1627040104149" id="9abba303-1c12-4f6d-9c19-5ea1b78a51d8" name="Call --&gt; Get" specVersion="0" vendor="" version="0">
                            <description>Gets the element at the specified index of a list</description>
                            <descriptionURL></descriptionURL>
                            <disabled>false</disabled>
                            <inputVars>
<variable id="list" label="List" name="list" type="LIST" valueByReference="true" valueByReferenceAllowed="true" valueByValueAllowed="false" visible="false">
    <description>List to get element from</description>
    <value>a3df6bf1-352d-4380-bf44-d8f6f9dec37e</value>
</variable>
<variable id="index" label="Index" name="index" type="NUMBER" valueByReference="false" valueByReferenceAllowed="true" valueByValueAllowed="true" visible="false">
    <description>Index of the element to get from the list</description>
    <value>1</value>
</variable>
                            </inputVars>
                            <outputVars>
<variable id="var" label="Element" name="var" type="OBJECT" valueByReference="false" valueByReferenceAllowed="true" valueByValueAllowed="false" visible="false">
    <description>Element at specified index</description>
    <value>7209ecd2-7439-4281-8a87-9a9f05b55305</value>
</variable>
                            </outputVars>
                            <resources/>
                            <target targetDomainId="starface.collection.list" targetId="Get" targetName="Get" targetVersion="0"/>
                        </functionCall>
                        <typedVarDef type="STRING" variableName="name" createTime="1627287276231" id="e50e423f-8cf4-42d2-bfaa-855f5bdcc6bf" name="variable definition" specVersion="0" vendor="" version="0">
                            <description>Creates a typed variable</description>
                            <descriptionURL></descriptionURL>
                            <disabled>false</disabled>
                            <inputVars/>
                            <outputVars/>
                            <resources/>
                            <defaultValue></defaultValue>
                        </typedVarDef>
                        <functionCall createTime="1627040104149" id="b233d5b4-4838-4427-a19f-fb8aefa50580" name="Call --&gt; Get" specVersion="0" vendor="" version="0">
                            <description>Gets the element at the specified index of a list</description>
                            <descriptionURL></descriptionURL>
                            <disabled>false</disabled>
                            <inputVars>
<variable id="list" label="List" name="list" type="LIST" valueByReference="true" valueByReferenceAllowed="true" valueByValueAllowed="false" visible="false">
    <description>List to get element from</description>
    <value>a3df6bf1-352d-4380-bf44-d8f6f9dec37e</value>
</variable>
<variable id="index" label="Index" name="index" type="NUMBER" valueByReference="false" valueByReferenceAllowed="true" valueByValueAllowed="true" visible="false">
    <description>Index of the element to get from the list</description>
    <value>2</value>
</variable>
                            </inputVars>
                            <outputVars>
<variable id="var" label="Element" name="var" type="OBJECT" valueByReference="false" valueByReferenceAllowed="true" valueByValueAllowed="false" visible="false">
    <description>Element at specified index</description>
    <value>e50e423f-8cf4-42d2-bfaa-855f5bdcc6bf</value>
</variable>
                            </outputVars>
                            <resources/>
                            <target targetDomainId="starface.collection.list" targetId="Get" targetName="Get" targetVersion="0"/>
                        </functionCall>
                        <if2 createTime="1627290892098" id="0ce0ae65-0859-48de-8571-2bd57e0fa3a4" name="if" specVersion="0" vendor="" version="0">
                            <description>An if-statement causes the function to execute a subordinate section of code only if the specified condition is met</description>
                            <descriptionURL></descriptionURL>
                            <disabled>false</disabled>
                            <inputVars>
<expressedVariable name="condition" type="BOOLEAN" valueByReference="true" valueByReferenceAllowed="true" valueByValueAllowed="true" visible="false">
    <value></value>
    <isEmptyExpression>
        <variables name="name" type="STRING" valueByReference="true" valueByReferenceAllowed="true" valueByValueAllowed="true" visible="true">
            <value>e50e423f-8cf4-42d2-bfaa-855f5bdcc6bf</value>
        </variables>
    </isEmptyExpression>
</expressedVariable>
                            </inputVars>
                            <outputVars/>
                            <resources/>
                            <children>
<varAssign createTime="1627290903491" id="d840f42e-18c7-4479-8056-8779c5600c24" name="variable assignment" specVersion="0" vendor="" version="0">
    <description>Assigns a value to a variable</description>
    <descriptionURL></descriptionURL>
    <disabled>false</disabled>
    <inputVars>
        <variable id="be51c1c2-59b0-4d85-be7c-43e4a52c1f0c" name="value" type="OBJECT" valueByReference="false" valueByReferenceAllowed="true" valueByValueAllowed="true" visible="false">
            <description>Select a variable to get the value from or use the input field for direct value assignment</description>
            <value>-</value>
        </variable>
    </inputVars>
    <outputVars>
        <variable id="435a05fa-a321-4cc3-a1a2-57af636b9d85" name="target" type="OBJECT" valueByReference="false" valueByReferenceAllowed="true" valueByValueAllowed="false" visible="false">
            <description>Variable that will contain the new value</description>
            <value>e50e423f-8cf4-42d2-bfaa-855f5bdcc6bf</value>
        </variable>
    </outputVars>
    <resources/>
</varAssign>
                            </children>
                        </if2>
                        <typedVarDef type="STRING" variableName="result" createTime="1627040145418" id="0bc4dbd9-81cb-4206-bd33-ef024e3c1bd2" name="variable definition" specVersion="0" vendor="" version="0">
                            <description>Creates a typed variable</description>
                            <descriptionURL></descriptionURL>
                            <disabled>false</disabled>
                            <inputVars/>
                            <outputVars/>
                            <resources/>
                            <defaultValue></defaultValue>
                        </typedVarDef>
                        <functionCall createTime="1627040104149" id="5fa327f1-3051-480a-baac-e0a42faa5d88" name="Call --&gt; Get" specVersion="0" vendor="" version="0">
                            <description>Gets the element at the specified index of a list</description>
                            <descriptionURL></descriptionURL>
                            <disabled>false</disabled>
                            <inputVars>
<variable id="list" label="List" name="list" type="LIST" valueByReference="true" valueByReferenceAllowed="true" valueByValueAllowed="false" visible="false">
    <description>List to get element from</description>
    <value>a3df6bf1-352d-4380-bf44-d8f6f9dec37e</value>
</variable>
<variable id="index" label="Index" name="index" type="NUMBER" valueByReference="false" valueByReferenceAllowed="true" valueByValueAllowed="true" visible="false">
    <description>Index of the element to get from the list</description>
    <value>3</value>
</variable>
                            </inputVars>
                            <outputVars>
<variable id="var" label="Element" name="var" type="OBJECT" valueByReference="false" valueByReferenceAllowed="true" valueByValueAllowed="false" visible="false">
    <description>Element at specified index</description>
    <value>0bc4dbd9-81cb-4206-bd33-ef024e3c1bd2</value>
</variable>
                            </outputVars>
                            <resources/>
                            <target targetDomainId="starface.collection.list" targetId="Get" targetName="Get" targetVersion="0"/>
                        </functionCall>
                        <functionCall createTime="1626439403777" id="4a63ec09-a5ef-4060-834e-4a948686f92e" name="Call --&gt; AppendLine" specVersion="0" vendor="" version="0">
                            <description>Appends several text fragments to each other, each of them in a new line</description>
                            <descriptionURL></descriptionURL>
                            <disabled>false</disabled>
                            <inputVars>
<multipleValueVariable id="strings" label="Lines" name="strings" type="STRING" valueByReference="false" valueByReferenceAllowed="true" valueByValueAllowed="true" visible="false">
    <description>Text lines to append</description>
    <value></value>
    <values>
        <item>
            <value>Uhrzeit:</value>
            <byReference>false</byReference>
        </item>
        <item>
            <value>2740a0f3-3819-4898-b44b-b17e3274cb22</value>
            <byReference>true</byReference>
        </item>
        <item>
            <value>Entgangener Anruf von:</value>
            <byReference>false</byReference>
        </item>
        <item>
            <value>7209ecd2-7439-4281-8a87-9a9f05b55305</value>
            <byReference>true</byReference>
        </item>
        <item>
            <value>Name:</value>
            <byReference>false</byReference>
        </item>
        <item>
            <value>e50e423f-8cf4-42d2-bfaa-855f5bdcc6bf</value>
            <byReference>true</byReference>
        </item>
    </values>
</multipleValueVariable>
                            </inputVars>
                            <outputVars>
<variable id="result" label="Result" name="result" type="STRING" valueByReference="false" valueByReferenceAllowed="true" valueByValueAllowed="false" visible="false">
    <description>The appended strings</description>
    <value>12b3e513-cd86-45ea-be80-57fd57e949d6</value>
</variable>
                            </outputVars>
                            <resources/>
                            <target targetDomainId="starface.string" targetId="AppendLine" targetName="AppendLine" targetVersion="0"/>
                        </functionCall>
                        <functionCall createTime="1626438421276" id="116513d3-6757-4767-adba-ef94afbd189b" name="Call --&gt; Email" specVersion="0" vendor="" version="0">
                            <description>Sends an e-mail message</description>
                            <descriptionURL></descriptionURL>
                            <disabled>false</disabled>
                            <inputVars>
<variable id="to" label="Email address" name="to" type="STRING" valueByReference="true" valueByReferenceAllowed="true" valueByValueAllowed="true" visible="false">
    <description>Email address to send mail to. Separate multiple recipients by semicolon!</description>
    <value>f20b9629-9364-4192-81d3-82bbb097bca9</value>
</variable>
<variable id="fromName" label="From" name="fromName" type="STRING" valueByReference="false" valueByReferenceAllowed="true" valueByValueAllowed="true" visible="false">
    <description>The sender&amp;rsquo;s name or address</description>
    <value>Starface</value>
</variable>
<variable id="subject" label="Subject" name="subject" type="STRING" valueByReference="true" valueByReferenceAllowed="true" valueByValueAllowed="true" visible="false">
    <description>Email subject</description>
    <value>980fe6fc-fa69-4cfe-b9a0-90e6568857e2</value>
</variable>
<variable id="text" label="Message" name="text" type="STRING" valueByReference="true" valueByReferenceAllowed="true" valueByValueAllowed="true" visible="false">
    <description>Text content</description>
    <value>12b3e513-cd86-45ea-be80-57fd57e949d6</value>
</variable>
<multipleValueVariable id="attachments" label="Attachments" name="attachments" type="FILE_RESOURCE" valueByReference="false" valueByReferenceAllowed="true" valueByValueAllowed="true" visible="false">
    <description>One or more files which should be attached to this email </description>
    <value></value>
    <values>
        <item>
            <value></value>
            <byReference>true</byReference>
        </item>
    </values>
</multipleValueVariable>
<variable id="mailBrandingFlag" label="HTML email" name="mailBrandingFlag" type="BOOLEAN" valueByReference="false" valueByReferenceAllowed="true" valueByValueAllowed="true" visible="false">
    <description>Send email as HTML.</description>
    <value>false</value>
</variable>
                            </inputVars>
                            <outputVars>
<variable id="successful" label="Success" name="successful" type="BOOLEAN" valueByReference="false" valueByReferenceAllowed="true" valueByValueAllowed="false" visible="false">
    <description>Indicates whether the email was send successfully</description>
    <value></value>
</variable>
                            </outputVars>
                            <resources/>
                            <target targetDomainId="starface.net" targetId="Email" targetName="Email" targetVersion="0"/>
                        </functionCall>
                    </children>
                </if2>
            </children>
        </function>
    </children>
    <createdWith>STARFACE 6.7.3.20</createdWith>
    <defaultLocale>en</defaultLocale>
    <editable>true</editable>
    <entryPoints>
        <agiKernelEntryPoint stage="PostPhoneSelection" id="88169f7b-d5a9-481e-97ae-ea468fa67147" name="">
            <functionReference targetDomainId="75c2a36b-348b-4b8b-8b7f-1b126852711a" targetId="3f93a460-9b9d-4e04-b582-7ff7bb0aa3fe" targetName="ProcessIncomingCall" targetVersion="0"/>
        </agiKernelEntryPoint>
    </entryPoints>
    <inputGUITabs createTime="1626771493501" id="44fa5fa6-cfd5-4824-a5ba-1b515f61e46a" name="Konfiguration" specVersion="0" vendor="" version="0">
        <description></description>
        <descriptionURL></descriptionURL>
        <disabled>false</disabled>
        <resourceKeys>
            <entries>
                <key>en</key>
                <value>Konfiguration</value>
            </entries>
            <entries>
                <key>de</key>
            </entries>
            <entries>
                <key>es</key>
            </entries>
            <entries>
                <key>fr</key>
            </entries>
            <entries>
                <key>nl</key>
            </entries>
            <entries>
                <key>pl</key>
            </entries>
            <entries>
                <key>sv</key>
            </entries>
            <key>inputguitab.name{44fa5fa6-cfd5-4824-a5ba-1b515f61e46a}</key>
            <propertyName>NAME</propertyName>
        </resourceKeys>
        <children>
            <headline variableId="492b6f80-1017-4524-89d3-711d64c517a6" createTime="1627286652601" id="97fe383e-e17b-480c-b055-f14c3a88bfbc" name="Group Call Notification 1.0" specVersion="0" vendor="" version="0">
                <description></description>
                <descriptionURL></descriptionURL>
                <disabled>false</disabled>
                <resourceKeys>
                    <entries>
                        <key>en</key>
                        <value>Group Call Notification 1.0</value>
                    </entries>
                    <entries>
                        <key>de</key>
                    </entries>
                    <entries>
                        <key>es</key>
                    </entries>
                    <entries>
                        <key>fr</key>
                    </entries>
                    <entries>
                        <key>nl</key>
                    </entries>
                    <entries>
                        <key>pl</key>
                    </entries>
                    <entries>
                        <key>sv</key>
                    </entries>
                    <key>inputguitab.headline.name{97fe383e-e17b-480c-b055-f14c3a88bfbc}</key>
                    <propertyName>NAME</propertyName>
                </resourceKeys>
                <resourceKeys>
                    <entries>
                        <key>en</key>
                        <value></value>
                    </entries>
                    <entries>
                        <key>de</key>
                    </entries>
                    <entries>
                        <key>es</key>
                    </entries>
                    <entries>
                        <key>fr</key>
                    </entries>
                    <entries>
                        <key>nl</key>
                    </entries>
                    <entries>
                        <key>pl</key>
                    </entries>
                    <entries>
                        <key>sv</key>
                    </entries>
                    <key>inputguitab.headline.description{97fe383e-e17b-480c-b055-f14c3a88bfbc}</key>
                    <propertyName>DESCRIPTION</propertyName>
                </resourceKeys>
                <defaultValue></defaultValue>
            </headline>
            <textInput maxLength="0" variableId="2e97d762-8a47-4a4c-a281-4de693233095" createTime="1626771509112" id="27a36415-4a20-4e99-bc62-d177e95b6db7" name="Email" specVersion="0" vendor="" version="0">
                <description>Recipient's e-mail address</description>
                <descriptionURL></descriptionURL>
                <disabled>false</disabled>
                <resourceKeys>
                    <entries>
                        <key>en</key>
                        <value>Email</value>
                    </entries>
                    <entries>
                        <key>de</key>
                    </entries>
                    <entries>
                        <key>es</key>
                    </entries>
                    <entries>
                        <key>fr</key>
                    </entries>
                    <entries>
                        <key>nl</key>
                    </entries>
                    <entries>
                        <key>pl</key>
                    </entries>
                    <entries>
                        <key>sv</key>
                    </entries>
                    <key>inputguitab.textinput.name{27a36415-4a20-4e99-bc62-d177e95b6db7}</key>
                    <propertyName>NAME</propertyName>
                </resourceKeys>
                <resourceKeys>
                    <entries>
                        <key>en</key>
                        <value>Recipient's e-mail address</value>
                    </entries>
                    <entries>
                        <key>de</key>
                    </entries>
                    <entries>
                        <key>es</key>
                    </entries>
                    <entries>
                        <key>fr</key>
                    </entries>
                    <entries>
                        <key>nl</key>
                    </entries>
                    <entries>
                        <key>pl</key>
                    </entries>
                    <entries>
                        <key>sv</key>
                    </entries>
                    <key>inputguitab.textinput.description{27a36415-4a20-4e99-bc62-d177e95b6db7}</key>
                    <propertyName>DESCRIPTION</propertyName>
                </resourceKeys>
                <defaultValue></defaultValue>
            </textInput>
            <groupSelection variableId="e9de89a4-57ae-4324-a11b-9e4e14a9304d" createTime="1627286560331" id="f35d5a95-7c71-47c5-aff8-c54c7a3ebe77" name="STARFACE group" specVersion="0" vendor="" version="0">
                <description></description>
                <descriptionURL></descriptionURL>
                <disabled>false</disabled>
                <resourceKeys>
                    <entries>
                        <key>en</key>
                        <value>STARFACE group</value>
                    </entries>
                    <entries>
                        <key>de</key>
                    </entries>
                    <entries>
                        <key>es</key>
                    </entries>
                    <entries>
                        <key>fr</key>
                    </entries>
                    <entries>
                        <key>nl</key>
                    </entries>
                    <entries>
                        <key>pl</key>
                    </entries>
                    <entries>
                        <key>sv</key>
                    </entries>
                    <key>inputguitab.groupselection.name{f35d5a95-7c71-47c5-aff8-c54c7a3ebe77}</key>
                    <propertyName>NAME</propertyName>
                </resourceKeys>
                <resourceKeys>
                    <entries>
                        <key>en</key>
                        <value></value>
                    </entries>
                    <entries>
                        <key>de</key>
                    </entries>
                    <entries>
                        <key>es</key>
                    </entries>
                    <entries>
                        <key>fr</key>
                    </entries>
                    <entries>
                        <key>nl</key>
                    </entries>
                    <entries>
                        <key>pl</key>
                    </entries>
                    <entries>
                        <key>sv</key>
                    </entries>
                    <key>inputguitab.groupselection.description{f35d5a95-7c71-47c5-aff8-c54c7a3ebe77}</key>
                    <propertyName>DESCRIPTION</propertyName>
                </resourceKeys>
                <defaultValue></defaultValue>
            </groupSelection>
            <numberInput maxLength="0" variableId="8d559da7-f98d-4d31-99a9-b43d41488e99" createTime="1627286636000" id="846cf62c-3236-4b6a-b7c1-05d7360c53e1" name="Delay" specVersion="0" vendor="" version="0">
                <description>Time in seconds until the call is automatically rejected and not considered as connected</description>
                <descriptionURL></descriptionURL>
                <disabled>false</disabled>
                <resourceKeys>
                    <entries>
                        <key>en</key>
                        <value>Delay</value>
                    </entries>
                    <entries>
                        <key>de</key>
                    </entries>
                    <entries>
                        <key>es</key>
                    </entries>
                    <entries>
                        <key>fr</key>
                    </entries>
                    <entries>
                        <key>nl</key>
                    </entries>
                    <entries>
                        <key>pl</key>
                    </entries>
                    <entries>
                        <key>sv</key>
                    </entries>
                    <key>inputguitab.numberinput.name{846cf62c-3236-4b6a-b7c1-05d7360c53e1}</key>
                    <propertyName>NAME</propertyName>
                </resourceKeys>
                <resourceKeys>
                    <entries>
                        <key>en</key>
                        <value>Time in seconds until the call is automatically rejected and not considered as connected</value>
                    </entries>
                    <entries>
                        <key>de</key>
                    </entries>
                    <entries>
                        <key>es</key>
                    </entries>
                    <entries>
                        <key>fr</key>
                    </entries>
                    <entries>
                        <key>nl</key>
                    </entries>
                    <entries>
                        <key>pl</key>
                    </entries>
                    <entries>
                        <key>sv</key>
                    </entries>
                    <key>inputguitab.numberinput.description{846cf62c-3236-4b6a-b7c1-05d7360c53e1}</key>
                    <propertyName>DESCRIPTION</propertyName>
                </resourceKeys>
                <defaultValue>120</defaultValue>
                <validationRegexp>\d</validationRegexp>
            </numberInput>
            <textInput maxLength="0" variableId="6bd3e017-3f8c-4764-839b-1ab242ffc289" createTime="1627290424335" id="373d01b1-d5eb-45fd-a025-93c7020ed151" name="Subject" specVersion="0" vendor="" version="0">
                <description>Subject of the notification mail</description>
                <descriptionURL></descriptionURL>
                <disabled>false</disabled>
                <resourceKeys>
                    <entries>
                        <key>en</key>
                        <value>Subject</value>
                    </entries>
                    <entries>
                        <key>de</key>
                    </entries>
                    <entries>
                        <key>es</key>
                    </entries>
                    <entries>
                        <key>fr</key>
                    </entries>
                    <entries>
                        <key>nl</key>
                    </entries>
                    <entries>
                        <key>pl</key>
                    </entries>
                    <entries>
                        <key>sv</key>
                    </entries>
                    <key>inputguitab.textinput.name{373d01b1-d5eb-45fd-a025-93c7020ed151}</key>
                    <propertyName>NAME</propertyName>
                </resourceKeys>
                <resourceKeys>
                    <entries>
                        <key>en</key>
                        <value>Subject of the notification mail</value>
                    </entries>
                    <entries>
                        <key>de</key>
                    </entries>
                    <entries>
                        <key>es</key>
                    </entries>
                    <entries>
                        <key>fr</key>
                    </entries>
                    <entries>
                        <key>nl</key>
                    </entries>
                    <entries>
                        <key>pl</key>
                    </entries>
                    <entries>
                        <key>sv</key>
                    </entries>
                    <key>inputguitab.textinput.description{373d01b1-d5eb-45fd-a025-93c7020ed151}</key>
                    <propertyName>DESCRIPTION</propertyName>
                </resourceKeys>
                <defaultValue>[Starface] Entgangener Anruf</defaultValue>
            </textInput>
            <line variableId="d5e0f946-0c84-4204-8d0d-4cd1b9fad1ef" createTime="1627288191643" id="29b41ba3-ac3a-4fd4-8b0f-88a576ab0894" name="DESCRIPTIVE" specVersion="0" vendor="" version="0">
                <description></description>
                <descriptionURL></descriptionURL>
                <disabled>false</disabled>
                <resourceKeys>
                    <entries>
                        <key>en</key>
                        <value>DESCRIPTIVE</value>
                    </entries>
                    <entries>
                        <key>de</key>
                    </entries>
                    <entries>
                        <key>es</key>
                    </entries>
                    <entries>
                        <key>fr</key>
                    </entries>
                    <entries>
                        <key>nl</key>
                    </entries>
                    <entries>
                        <key>pl</key>
                    </entries>
                    <entries>
                        <key>sv</key>
                    </entries>
                    <key>inputguitab.line.name{29b41ba3-ac3a-4fd4-8b0f-88a576ab0894}</key>
                    <propertyName>NAME</propertyName>
                </resourceKeys>
                <resourceKeys>
                    <entries>
                        <key>en</key>
                        <value></value>
                    </entries>
                    <entries>
                        <key>de</key>
                    </entries>
                    <entries>
                        <key>es</key>
                    </entries>
                    <entries>
                        <key>fr</key>
                    </entries>
                    <entries>
                        <key>nl</key>
                    </entries>
                    <entries>
                        <key>pl</key>
                    </entries>
                    <entries>
                        <key>sv</key>
                    </entries>
                    <key>inputguitab.line.description{29b41ba3-ac3a-4fd4-8b0f-88a576ab0894}</key>
                    <propertyName>DESCRIPTION</propertyName>
                </resourceKeys>
                <defaultValue></defaultValue>
            </line>
            <infotext variableId="2c6aa377-caa7-48b7-93ab-e6dc29d5305e" createTime="1627288154894" id="4520ea38-acf6-40bc-bd2e-abbc3039b000" name="Developed by CASOON" specVersion="0" vendor="" version="0">
                <description></description>
                <descriptionURL></descriptionURL>
                <disabled>false</disabled>
                <resourceKeys>
                    <entries>
                        <key>en</key>
                        <value>Developed by CASOON</value>
                    </entries>
                    <entries>
                        <key>de</key>
                    </entries>
                    <entries>
                        <key>es</key>
                    </entries>
                    <entries>
                        <key>fr</key>
                    </entries>
                    <entries>
                        <key>nl</key>
                    </entries>
                    <entries>
                        <key>pl</key>
                    </entries>
                    <entries>
                        <key>sv</key>
                    </entries>
                    <key>inputguitab.infotext.name{4520ea38-acf6-40bc-bd2e-abbc3039b000}</key>
                    <propertyName>NAME</propertyName>
                </resourceKeys>
                <resourceKeys>
                    <entries>
                        <key>en</key>
                        <value></value>
                    </entries>
                    <entries>
                        <key>de</key>
                    </entries>
                    <entries>
                        <key>es</key>
                    </entries>
                    <entries>
                        <key>fr</key>
                    </entries>
                    <entries>
                        <key>nl</key>
                    </entries>
                    <entries>
                        <key>pl</key>
                    </entries>
                    <entries>
                        <key>sv</key>
                    </entries>
                    <key>inputguitab.infotext.description{4520ea38-acf6-40bc-bd2e-abbc3039b000}</key>
                    <propertyName>DESCRIPTION</propertyName>
                </resourceKeys>
                <defaultValue></defaultValue>
            </infotext>
            <infotext variableId="638d335e-599e-4568-8bff-9d66a505a065" createTime="1627288345205" id="9e2f0a7f-5732-45cf-b9c3-ebbe507d49f9" name="https://github.com/casoon/starface-module" specVersion="0" vendor="" version="0">
                <description></description>
                <descriptionURL></descriptionURL>
                <disabled>false</disabled>
                <resourceKeys>
                    <entries>
                        <key>en</key>
                        <value>https://github.com/casoon/starface-module</value>
                    </entries>
                    <entries>
                        <key>de</key>
                    </entries>
                    <entries>
                        <key>es</key>
                    </entries>
                    <entries>
                        <key>fr</key>
                    </entries>
                    <entries>
                        <key>nl</key>
                    </entries>
                    <entries>
                        <key>pl</key>
                    </entries>
                    <entries>
                        <key>sv</key>
                    </entries>
                    <key>inputguitab.infotext.name{9e2f0a7f-5732-45cf-b9c3-ebbe507d49f9}</key>
                    <propertyName>NAME</propertyName>
                </resourceKeys>
                <resourceKeys>
                    <entries>
                        <key>en</key>
                        <value></value>
                    </entries>
                    <entries>
                        <key>de</key>
                    </entries>
                    <entries>
                        <key>es</key>
                    </entries>
                    <entries>
                        <key>fr</key>
                    </entries>
                    <entries>
                        <key>nl</key>
                    </entries>
                    <entries>
                        <key>pl</key>
                    </entries>
                    <entries>
                        <key>sv</key>
                    </entries>
                    <key>inputguitab.infotext.description{9e2f0a7f-5732-45cf-b9c3-ebbe507d49f9}</key>
                    <propertyName>DESCRIPTION</propertyName>
                </resourceKeys>
                <defaultValue></defaultValue>
            </infotext>
        </children>
        <GUIDescriptors>
            <headline variableId="492b6f80-1017-4524-89d3-711d64c517a6" createTime="1627286652601" id="97fe383e-e17b-480c-b055-f14c3a88bfbc" name="Group Call Notification 1.0" specVersion="0" vendor="" version="0">
                <description></description>
                <descriptionURL></descriptionURL>
                <disabled>false</disabled>
                <resourceKeys>
                    <entries>
                        <key>en</key>
                        <value>Group Call Notification 1.0</value>
                    </entries>
                    <entries>
                        <key>de</key>
                    </entries>
                    <entries>
                        <key>es</key>
                    </entries>
                    <entries>
                        <key>fr</key>
                    </entries>
                    <entries>
                        <key>nl</key>
                    </entries>
                    <entries>
                        <key>pl</key>
                    </entries>
                    <entries>
                        <key>sv</key>
                    </entries>
                    <key>inputguitab.headline.name{97fe383e-e17b-480c-b055-f14c3a88bfbc}</key>
                    <propertyName>NAME</propertyName>
                </resourceKeys>
                <resourceKeys>
                    <entries>
                        <key>en</key>
                        <value></value>
                    </entries>
                    <entries>
                        <key>de</key>
                    </entries>
                    <entries>
                        <key>es</key>
                    </entries>
                    <entries>
                        <key>fr</key>
                    </entries>
                    <entries>
                        <key>nl</key>
                    </entries>
                    <entries>
                        <key>pl</key>
                    </entries>
                    <entries>
                        <key>sv</key>
                    </entries>
                    <key>inputguitab.headline.description{97fe383e-e17b-480c-b055-f14c3a88bfbc}</key>
                    <propertyName>DESCRIPTION</propertyName>
                </resourceKeys>
                <defaultValue></defaultValue>
            </headline>
            <textInput maxLength="0" variableId="2e97d762-8a47-4a4c-a281-4de693233095" createTime="1626771509112" id="27a36415-4a20-4e99-bc62-d177e95b6db7" name="Email" specVersion="0" vendor="" version="0">
                <description>Recipient's e-mail address</description>
                <descriptionURL></descriptionURL>
                <disabled>false</disabled>
                <resourceKeys>
                    <entries>
                        <key>en</key>
                        <value>Email</value>
                    </entries>
                    <entries>
                        <key>de</key>
                    </entries>
                    <entries>
                        <key>es</key>
                    </entries>
                    <entries>
                        <key>fr</key>
                    </entries>
                    <entries>
                        <key>nl</key>
                    </entries>
                    <entries>
                        <key>pl</key>
                    </entries>
                    <entries>
                        <key>sv</key>
                    </entries>
                    <key>inputguitab.textinput.name{27a36415-4a20-4e99-bc62-d177e95b6db7}</key>
                    <propertyName>NAME</propertyName>
                </resourceKeys>
                <resourceKeys>
                    <entries>
                        <key>en</key>
                        <value>Recipient's e-mail address</value>
                    </entries>
                    <entries>
                        <key>de</key>
                    </entries>
                    <entries>
                        <key>es</key>
                    </entries>
                    <entries>
                        <key>fr</key>
                    </entries>
                    <entries>
                        <key>nl</key>
                    </entries>
                    <entries>
                        <key>pl</key>
                    </entries>
                    <entries>
                        <key>sv</key>
                    </entries>
                    <key>inputguitab.textinput.description{27a36415-4a20-4e99-bc62-d177e95b6db7}</key>
                    <propertyName>DESCRIPTION</propertyName>
                </resourceKeys>
                <defaultValue></defaultValue>
            </textInput>
            <groupSelection variableId="e9de89a4-57ae-4324-a11b-9e4e14a9304d" createTime="1627286560331" id="f35d5a95-7c71-47c5-aff8-c54c7a3ebe77" name="STARFACE group" specVersion="0" vendor="" version="0">
                <description></description>
                <descriptionURL></descriptionURL>
                <disabled>false</disabled>
                <resourceKeys>
                    <entries>
                        <key>en</key>
                        <value>STARFACE group</value>
                    </entries>
                    <entries>
                        <key>de</key>
                    </entries>
                    <entries>
                        <key>es</key>
                    </entries>
                    <entries>
                        <key>fr</key>
                    </entries>
                    <entries>
                        <key>nl</key>
                    </entries>
                    <entries>
                        <key>pl</key>
                    </entries>
                    <entries>
                        <key>sv</key>
                    </entries>
                    <key>inputguitab.groupselection.name{f35d5a95-7c71-47c5-aff8-c54c7a3ebe77}</key>
                    <propertyName>NAME</propertyName>
                </resourceKeys>
                <resourceKeys>
                    <entries>
                        <key>en</key>
                        <value></value>
                    </entries>
                    <entries>
                        <key>de</key>
                    </entries>
                    <entries>
                        <key>es</key>
                    </entries>
                    <entries>
                        <key>fr</key>
                    </entries>
                    <entries>
                        <key>nl</key>
                    </entries>
                    <entries>
                        <key>pl</key>
                    </entries>
                    <entries>
                        <key>sv</key>
                    </entries>
                    <key>inputguitab.groupselection.description{f35d5a95-7c71-47c5-aff8-c54c7a3ebe77}</key>
                    <propertyName>DESCRIPTION</propertyName>
                </resourceKeys>
                <defaultValue></defaultValue>
            </groupSelection>
            <numberInput maxLength="0" variableId="8d559da7-f98d-4d31-99a9-b43d41488e99" createTime="1627286636000" id="846cf62c-3236-4b6a-b7c1-05d7360c53e1" name="Delay" specVersion="0" vendor="" version="0">
                <description>Time in seconds until the call is automatically rejected and not considered as connected</description>
                <descriptionURL></descriptionURL>
                <disabled>false</disabled>
                <resourceKeys>
                    <entries>
                        <key>en</key>
                        <value>Delay</value>
                    </entries>
                    <entries>
                        <key>de</key>
                    </entries>
                    <entries>
                        <key>es</key>
                    </entries>
                    <entries>
                        <key>fr</key>
                    </entries>
                    <entries>
                        <key>nl</key>
                    </entries>
                    <entries>
                        <key>pl</key>
                    </entries>
                    <entries>
                        <key>sv</key>
                    </entries>
                    <key>inputguitab.numberinput.name{846cf62c-3236-4b6a-b7c1-05d7360c53e1}</key>
                    <propertyName>NAME</propertyName>
                </resourceKeys>
                <resourceKeys>
                    <entries>
                        <key>en</key>
                        <value>Time in seconds until the call is automatically rejected and not considered as connected</value>
                    </entries>
                    <entries>
                        <key>de</key>
                    </entries>
                    <entries>
                        <key>es</key>
                    </entries>
                    <entries>
                        <key>fr</key>
                    </entries>
                    <entries>
                        <key>nl</key>
                    </entries>
                    <entries>
                        <key>pl</key>
                    </entries>
                    <entries>
                        <key>sv</key>
                    </entries>
                    <key>inputguitab.numberinput.description{846cf62c-3236-4b6a-b7c1-05d7360c53e1}</key>
                    <propertyName>DESCRIPTION</propertyName>
                </resourceKeys>
                <defaultValue>120</defaultValue>
                <validationRegexp>\d</validationRegexp>
            </numberInput>
            <textInput maxLength="0" variableId="6bd3e017-3f8c-4764-839b-1ab242ffc289" createTime="1627290424335" id="373d01b1-d5eb-45fd-a025-93c7020ed151" name="Subject" specVersion="0" vendor="" version="0">
                <description>Subject of the notification mail</description>
                <descriptionURL></descriptionURL>
                <disabled>false</disabled>
                <resourceKeys>
                    <entries>
                        <key>en</key>
                        <value>Subject</value>
                    </entries>
                    <entries>
                        <key>de</key>
                    </entries>
                    <entries>
                        <key>es</key>
                    </entries>
                    <entries>
                        <key>fr</key>
                    </entries>
                    <entries>
                        <key>nl</key>
                    </entries>
                    <entries>
                        <key>pl</key>
                    </entries>
                    <entries>
                        <key>sv</key>
                    </entries>
                    <key>inputguitab.textinput.name{373d01b1-d5eb-45fd-a025-93c7020ed151}</key>
                    <propertyName>NAME</propertyName>
                </resourceKeys>
                <resourceKeys>
                    <entries>
                        <key>en</key>
                        <value>Subject of the notification mail</value>
                    </entries>
                    <entries>
                        <key>de</key>
                    </entries>
                    <entries>
                        <key>es</key>
                    </entries>
                    <entries>
                        <key>fr</key>
                    </entries>
                    <entries>
                        <key>nl</key>
                    </entries>
                    <entries>
                        <key>pl</key>
                    </entries>
                    <entries>
                        <key>sv</key>
                    </entries>
                    <key>inputguitab.textinput.description{373d01b1-d5eb-45fd-a025-93c7020ed151}</key>
                    <propertyName>DESCRIPTION</propertyName>
                </resourceKeys>
                <defaultValue>[Starface] Entgangener Anruf</defaultValue>
            </textInput>
            <line variableId="d5e0f946-0c84-4204-8d0d-4cd1b9fad1ef" createTime="1627288191643" id="29b41ba3-ac3a-4fd4-8b0f-88a576ab0894" name="DESCRIPTIVE" specVersion="0" vendor="" version="0">
                <description></description>
                <descriptionURL></descriptionURL>
                <disabled>false</disabled>
                <resourceKeys>
                    <entries>
                        <key>en</key>
                        <value>DESCRIPTIVE</value>
                    </entries>
                    <entries>
                        <key>de</key>
                    </entries>
                    <entries>
                        <key>es</key>
                    </entries>
                    <entries>
                        <key>fr</key>
                    </entries>
                    <entries>
                        <key>nl</key>
                    </entries>
                    <entries>
                        <key>pl</key>
                    </entries>
                    <entries>
                        <key>sv</key>
                    </entries>
                    <key>inputguitab.line.name{29b41ba3-ac3a-4fd4-8b0f-88a576ab0894}</key>
                    <propertyName>NAME</propertyName>
                </resourceKeys>
                <resourceKeys>
                    <entries>
                        <key>en</key>
                        <value></value>
                    </entries>
                    <entries>
                        <key>de</key>
                    </entries>
                    <entries>
                        <key>es</key>
                    </entries>
                    <entries>
                        <key>fr</key>
                    </entries>
                    <entries>
                        <key>nl</key>
                    </entries>
                    <entries>
                        <key>pl</key>
                    </entries>
                    <entries>
                        <key>sv</key>
                    </entries>
                    <key>inputguitab.line.description{29b41ba3-ac3a-4fd4-8b0f-88a576ab0894}</key>
                    <propertyName>DESCRIPTION</propertyName>
                </resourceKeys>
                <defaultValue></defaultValue>
            </line>
            <infotext variableId="2c6aa377-caa7-48b7-93ab-e6dc29d5305e" createTime="1627288154894" id="4520ea38-acf6-40bc-bd2e-abbc3039b000" name="Developed by CASOON" specVersion="0" vendor="" version="0">
                <description></description>
                <descriptionURL></descriptionURL>
                <disabled>false</disabled>
                <resourceKeys>
                    <entries>
                        <key>en</key>
                        <value>Developed by CASOON</value>
                    </entries>
                    <entries>
                        <key>de</key>
                    </entries>
                    <entries>
                        <key>es</key>
                    </entries>
                    <entries>
                        <key>fr</key>
                    </entries>
                    <entries>
                        <key>nl</key>
                    </entries>
                    <entries>
                        <key>pl</key>
                    </entries>
                    <entries>
                        <key>sv</key>
                    </entries>
                    <key>inputguitab.infotext.name{4520ea38-acf6-40bc-bd2e-abbc3039b000}</key>
                    <propertyName>NAME</propertyName>
                </resourceKeys>
                <resourceKeys>
                    <entries>
                        <key>en</key>
                        <value></value>
                    </entries>
                    <entries>
                        <key>de</key>
                    </entries>
                    <entries>
                        <key>es</key>
                    </entries>
                    <entries>
                        <key>fr</key>
                    </entries>
                    <entries>
                        <key>nl</key>
                    </entries>
                    <entries>
                        <key>pl</key>
                    </entries>
                    <entries>
                        <key>sv</key>
                    </entries>
                    <key>inputguitab.infotext.description{4520ea38-acf6-40bc-bd2e-abbc3039b000}</key>
                    <propertyName>DESCRIPTION</propertyName>
                </resourceKeys>
                <defaultValue></defaultValue>
            </infotext>
            <infotext variableId="638d335e-599e-4568-8bff-9d66a505a065" createTime="1627288345205" id="9e2f0a7f-5732-45cf-b9c3-ebbe507d49f9" name="https://github.com/casoon/starface-module" specVersion="0" vendor="" version="0">
                <description></description>
                <descriptionURL></descriptionURL>
                <disabled>false</disabled>
                <resourceKeys>
                    <entries>
                        <key>en</key>
                        <value>https://github.com/casoon/starface-module</value>
                    </entries>
                    <entries>
                        <key>de</key>
                    </entries>
                    <entries>
                        <key>es</key>
                    </entries>
                    <entries>
                        <key>fr</key>
                    </entries>
                    <entries>
                        <key>nl</key>
                    </entries>
                    <entries>
                        <key>pl</key>
                    </entries>
                    <entries>
                        <key>sv</key>
                    </entries>
                    <key>inputguitab.infotext.name{9e2f0a7f-5732-45cf-b9c3-ebbe507d49f9}</key>
                    <propertyName>NAME</propertyName>
                </resourceKeys>
                <resourceKeys>
                    <entries>
                        <key>en</key>
                        <value></value>
                    </entries>
                    <entries>
                        <key>de</key>
                    </entries>
                    <entries>
                        <key>es</key>
                    </entries>
                    <entries>
                        <key>fr</key>
                    </entries>
                    <entries>
                        <key>nl</key>
                    </entries>
                    <entries>
                        <key>pl</key>
                    </entries>
                    <entries>
                        <key>sv</key>
                    </entries>
                    <key>inputguitab.infotext.description{9e2f0a7f-5732-45cf-b9c3-ebbe507d49f9}</key>
                    <propertyName>DESCRIPTION</propertyName>
                </resourceKeys>
                <defaultValue></defaultValue>
            </infotext>
        </GUIDescriptors>
    </inputGUITabs>
    <noLicenseId>37469c0def55a880cce3f991bae96303f182664e</noLicenseId>
    <shortDescription></shortDescription>
    <writeHash>a1dbb6626b8e7cb840c402a70c21b8fb414fdcda</writeHash>
</module>
